,mse,rmse,mae,mape
persistence_mean_metrics,6968492.536179032,2136.756303827773,1860.883105688507,0.051495172996931876
mean_window_mean_metrics,49338593.514147855,5811.159776178761,5652.428705332872,0.15861519052786438
prophet_mean_metrics,887741824.9630967,23643.33115606937,23534.62026694654,0.951457448503265
neural_prophet_baseline_mean_metrics,26361612.150435477,4681.659383335024,4242.1201467740675,0.13949766262469404
neural_prophet_last_sample_only_mean_metrics,24156994.918460708,4513.934435821543,4028.25046201294,0.1320260041236229
neural_prophet_sparse_ar_mean_metrics,12938871.55427288,3196.5047380465057,2886.19624365192,0.0926917081428357
